<?xml version="1.0" encoding="UTF-8"?>
<project-private xmlns="http://www.netbeans.org/ns/project-private/1">
    <editor-bookmarks xmlns="http://www.netbeans.org/ns/editor-bookmarks/2" lastBookmarkId="0"/>
    <open-files xmlns="http://www.netbeans.org/ns/projectui-open-files/2">
        <group>
            <file>file:/D:/GitHub/PRJ301_Assignment/PRJ301_Assignments/web/assets/image/search-alt-2-regular-24.png</file>
            <file>file:/D:/GitHub/PRJ301_Assignment/PRJ301_Assignments/web/index.jsp</file>
            <file>file:/D:/GitHub/PRJ301_Assignment/PRJ301_Assignments/web/cart.jsp</file>
            <file>file:/D:/GitHub/PRJ301_Assignment/PRJ301_Assignments/src/java/dao/GameDAO.java</file>
            <file>file:/D:/GitHub/PRJ301_Assignment/PRJ301_Assignments/web/genreList.jsp</file>
            <file>file:/D:/GitHub/PRJ301_Assignment/PRJ301_Assignments/src/java/utils/DBUtils.java</file>
            <file>file:/D:/GitHub/PRJ301_Assignment/PRJ301_Assignments/web/searchUser.jsp</file>
            <file>file:/D:/GitHub/PRJ301_Assignment/PRJ301_Assignments/src/java/dao/CartDAO.java</file>
            <file>file:/D:/GitHub/PRJ301_Assignment/PRJ301_Assignments/web/assets/image/z6356433591562_7559b4a02068fdc71cf79b652c3e79ba-processed(lightpdf.com).jpg</file>
            <file>file:/D:/GitHub/PRJ301_Assignment/PRJ301_Assignments/web/assets/css/index.css</file>
            <file>file:/D:/GitHub/PRJ301_Assignment/PRJ301_Assignments/src/java/controller/GameController.java</file>
            <file>file:/D:/GitHub/PRJ301_Assignment/PRJ301_Assignments/web/assets/image/triangle_background-9df4fa2e10f0e294779511e99083c2bc.jpg</file>
            <file>file:/D:/GitHub/PRJ301_Assignment/PRJ301_Assignments/web/assets/image/modern-dark-gaming-background-with-orange-neon-light-panel-free-vector.jpg</file>
            <file>file:/D:/GitHub/PRJ301_Assignment/PRJ301_Assignments/web/success.jsp</file>
            <file>file:/D:/GitHub/PRJ301_Assignment/PRJ301_Assignments/web/assets/css/admin.css</file>
            <file>file:/D:/GitHub/PRJ301_Assignment/PRJ301_Assignments/web/assets/js/admin.js</file>
            <file>file:/D:/GitHub/PRJ301_Assignment/PRJ301_Assignments/web/partials/footer.jsp</file>
            <file>file:/D:/GitHub/PRJ301_Assignment/PRJ301_Assignments/web/user.jsp</file>
            <file>file:/D:/GitHub/PRJ301_Assignment/PRJ301_Assignments/web/slidebar.jsp</file>
            <file>file:/D:/GitHub/PRJ301_Assignment/PRJ301_Assignments/data.sql</file>
            <file>file:/D:/GitHub/PRJ301_Assignment/PRJ301_Assignments/web/assets/image/triangle_background-9df4fa2e10f0e294779511e99083c2bc_1.jpg</file>
            <file>file:/D:/GitHub/PRJ301_Assignment/PRJ301_Assignments/web/assets/css/login.css</file>
            <file>file:/D:/GitHub/PRJ301_Assignment/PRJ301_Assignments/web/gameList.jsp</file>
            <file>file:/D:/GitHub/PRJ301_Assignment/PRJ301_Assignments/web/forgotPassword.jsp</file>
            <file>file:/D:/GitHub/PRJ301_Assignment/PRJ301_Assignments/web/searchGame.jsp</file>
            <file>file:/D:/GitHub/PRJ301_Assignment/PRJ301_Assignments/web/login.jsp</file>
            <file>file:/D:/GitHub/PRJ301_Assignment/PRJ301_Assignments/web/assets/image/z6344218901443_e4fd8ed41ec42487b1140ea5a3e4832d.jpg</file>
            <file>file:/D:/GitHub/PRJ301_Assignment/PRJ301_Assignments/src/java/utils/EmailUtils.java</file>
            <file>file:/D:/GitHub/PRJ301_Assignment/PRJ301_Assignments/web/registers.jsp</file>
            <file>file:/D:/GitHub/PRJ301_Assignment/PRJ301_Assignments/web/assets/image/20240818214820_1.jpg</file>
            <file>file:/D:/GitHub/PRJ301_Assignment/PRJ301_Assignments/src/java/dto/GameDTO.java</file>
            <file>file:/D:/GitHub/PRJ301_Assignment/PRJ301_Assignments/src/java/dto/CartItem.java</file>
            <file>file:/D:/GitHub/PRJ301_Assignment/PRJ301_Assignments/web/assets/image/istockphoto-1250940765-612x612.jpg</file>
            <file>file:/D:/GitHub/PRJ301_Assignment/PRJ301_Assignments/web/assets/css/slidebar.css</file>
            <file>file:/D:/GitHub/PRJ301_Assignment/PRJ301_Assignments/src/java/controller/UserController.java</file>
            <file>file:/D:/GitHub/PRJ301_Assignment/PRJ301_Assignments/web/assets/image/e1d978bb4df4cf44a79a227f4180c6b5.png</file>
            <file>file:/D:/GitHub/PRJ301_Assignment/PRJ301_Assignments/web/assets/image/user-interface.png</file>
            <file>file:/D:/GitHub/PRJ301_Assignment/PRJ301_Assignments/web/assets/css/searchUser.css</file>
            <file>file:/D:/GitHub/PRJ301_Assignment/PRJ301_Assignments/src/java/controller/CartController.java</file>
            <file>file:/D:/GitHub/PRJ301_Assignment/PRJ301_Assignments/web/assets/image/cart-regular-36.png</file>
            <file>file:/D:/GitHub/PRJ301_Assignment/PRJ301_Assignments/src/java/dao/UserDAO.java</file>
            <file>file:/D:/GitHub/PRJ301_Assignment/PRJ301_Assignments/src/java/utils/AuthUtils.java</file>
            <file>file:/D:/GitHub/PRJ301_Assignment/PRJ301_Assignments/nbproject/build-impl.xml</file>
            <file>file:/D:/GitHub/PRJ301_Assignment/PRJ301_Assignments/src/java/dto/UserDTO.java</file>
            <file>file:/D:/GitHub/PRJ301_Assignment/PRJ301_Assignments/web/assets/image/menu-alt-left-regular-36.png</file>
            <file>file:/D:/GitHub/PRJ301_Assignment/PRJ301_Assignments/web/assets/image/user-regular-36.png</file>
            <file>file:/D:/GitHub/PRJ301_Assignment/PRJ301_Assignments/web/assets/image/Forza-Horizon-5-Xbox-Game-Studios-2252690.jpg</file>
            <file>file:/D:/GitHub/PRJ301_Assignment/PRJ301_Assignments/web/menu.jsp</file>
            <file>file:/D:/GitHub/PRJ301_Assignment/PRJ301_Assignments/web/contact.jsp</file>
            <file>file:/D:/GitHub/PRJ301_Assignment/PRJ301_Assignments/web/admin.jsp</file>
            <file>file:/D:/GitHub/PRJ301_Assignment/PRJ301_Assignments/web/manageCart.jsp</file>
            <file>file:/D:/GitHub/PRJ301_Assignment/PRJ301_Assignments/src/java/dao/IDAO.java</file>
            <file>file:/D:/GitHub/PRJ301_Assignment/PRJ301_Assignments/src/java/utils/PasswordUtils.java</file>
            <file>file:/D:/GitHub/PRJ301_Assignment/PRJ301_Assignments/src/java/controller/MainController.java</file>
            <file>file:/D:/GitHub/PRJ301_Assignment/PRJ301_Assignments/web/assets/image/pngegg.png</file>
            <file>file:/D:/GitHub/PRJ301_Assignment/PRJ301_Assignments/web/adminHome.jsp</file>
            <file>file:/D:/GitHub/PRJ301_Assignment/PRJ301_Assignments/web/partials/header.jsp</file>
            <file>file:/D:/GitHub/PRJ301_Assignment/PRJ301_Assignments/web/setting.jsp</file>
        </group>
    </open-files>
</project-private>
